<?xml version="1.0" encoding="utf-8"?>
<ModMetaData>
	<name>Don't Rebuff</name>
	<author>Neko Boi Nick</author>
  <supportedVersions>
    <li>1.3</li>
  </supportedVersions>
  <packageId>xyz.nekogaming.nekoboinick.rimworld.mod.dontrebuff</packageId>
  <modDependenciesByVersion>
    <v1.3>
      <li>
        <packageId>brrainz.harmony</packageId>
        <displayName>Harmony</displayName>
        <steamWorkshopUrl>steam://url/CommunityFilePage/2009463077</steamWorkshopUrl>
        <downloadUrl>https://github.com/pardeike/HarmonyRimWorld/releases/latest</downloadUrl>
      </li>
    </v1.3>
  </modDependenciesByVersion>
  <description>
    Don't attempt to hit on someone if you've been rebuffed by anyone prior, until they forget.

    Note: We don't want them to hit on anyone because they could have the chance to be rebuffed
          again.
  </description>
</ModMetaData>
